{"cameraMode":{"drawMode":0,"name":"Shaded","section":"Shading Mode"},"sceneLighting":true,"audioPlay":false,"sceneViewState":{"m_AlwaysRefresh":false,"showFog":true,"showSkybox":true,"showFlares":true,"showImageEffects":true,"showParticleSystems":true,"showVisualEffectGraphs":true,"m_FxEnabled":true},"in2DMode":false,"pivot":{"x":6.1567511558532719,"y":-0.46530354022979739,"z":21.534669876098634},"rotation":{"x":0.0048365406692028049,"y":-0.98108971118927,"z":0.191941499710083,"w":0.024739030748605729},"size":3.566592216491699,"orthographic":true}