{"cameraMode":{"drawMode":0,"name":"Shaded","section":"Shading Mode"},"sceneLighting":true,"audioPlay":false,"sceneViewState":{"m_AlwaysRefresh":false,"showFog":true,"showSkybox":true,"showFlares":true,"showImageEffects":true,"showParticleSystems":true,"showVisualEffectGraphs":true,"m_FxEnabled":true},"in2DMode":false,"pivot":{"x":11.789342880249024,"y":2.5877928733825685,"z":26.265239715576173},"rotation":{"x":-0.11347362399101258,"y":0.8451746702194214,"z":-0.1985190510749817,"w":-0.48313507437705996},"size":3.0850048065185549,"orthographic":true}