{"cameraMode":{"drawMode":0,"name":"Shaded","section":"Shading Mode"},"sceneLighting":true,"audioPlay":false,"sceneViewState":{"m_AlwaysRefresh":false,"showFog":true,"showSkybox":true,"showFlares":true,"showImageEffects":true,"showParticleSystems":true,"showVisualEffectGraphs":true,"m_FxEnabled":true},"in2DMode":false,"pivot":{"x":9.508382797241211,"y":1.9390900135040284,"z":30.59547996520996},"rotation":{"x":-0.0005826496053487062,"y":0.9970911145210266,"z":-0.0761268138885498,"w":-0.007782239466905594},"size":7.811056137084961,"orthographic":true}