{"cameraMode":{"drawMode":0,"name":"Shaded","section":"Shading Mode"},"sceneLighting":true,"audioPlay":false,"sceneViewState":{"m_AlwaysRefresh":false,"showFog":true,"showSkybox":true,"showFlares":true,"showImageEffects":true,"showParticleSystems":true,"showVisualEffectGraphs":true,"m_FxEnabled":true},"in2DMode":false,"pivot":{"x":601.6871337890625,"y":2.9407882690429689,"z":409.6540222167969},"rotation":{"x":-0.012983315624296666,"y":0.012284093536436558,"z":-0.00015636063471902162,"w":-0.9998804926872253},"size":14.27504825592041,"orthographic":false}