{"cameraMode":{"drawMode":0,"name":"Shaded","section":"Shading Mode"},"sceneLighting":true,"audioPlay":false,"sceneViewState":{"m_AlwaysRefresh":false,"showFog":true,"showSkybox":true,"showFlares":true,"showImageEffects":true,"showParticleSystems":true,"showVisualEffectGraphs":true,"m_FxEnabled":true},"in2DMode":false,"pivot":{"x":607.4920654296875,"y":9.917135238647461,"z":385.83441162109377},"rotation":{"x":-0.034277576953172687,"y":0.7128252983093262,"z":0.035322945564985278,"w":0.7002305388450623},"size":7.1592512130737309,"orthographic":false}