{"cameraMode":{"drawMode":0,"name":"Shaded","section":"Shading Mode"},"sceneLighting":true,"audioPlay":false,"sceneViewState":{"m_AlwaysRefresh":false,"showFog":true,"showSkybox":true,"showFlares":true,"showImageEffects":true,"showParticleSystems":true,"showVisualEffectGraphs":true,"m_FxEnabled":true},"in2DMode":false,"pivot":{"x":606.9195556640625,"y":2.9486215114593508,"z":391.25640869140627},"rotation":{"x":-0.20492519438266755,"y":-0.010491830296814442,"z":0.0021929522044956686,"w":-0.9788059592247009},"size":1.1564242839813233,"orthographic":false}