{"cameraMode":{"drawMode":0,"name":"Shaded","section":"Shading Mode"},"sceneLighting":true,"audioPlay":false,"sceneViewState":{"m_AlwaysRefresh":false,"showFog":true,"showSkybox":true,"showFlares":true,"showImageEffects":true,"showParticleSystems":true,"showVisualEffectGraphs":true,"m_FxEnabled":true},"in2DMode":false,"pivot":{"x":170.02999877929688,"y":1.939000129699707,"z":96.94999694824219},"rotation":{"x":0.016531681641936303,"y":0.31004106998443606,"z":0.005394349340349436,"w":-0.95057213306427},"size":12.12435531616211,"orthographic":false}