{"cameraMode":{"drawMode":0,"name":"Shaded","section":"Shading Mode"},"sceneLighting":true,"audioPlay":false,"sceneViewState":{"m_AlwaysRefresh":false,"showFog":true,"showSkybox":true,"showFlares":true,"showImageEffects":true,"showParticleSystems":true,"showVisualEffectGraphs":true,"m_FxEnabled":true},"in2DMode":false,"pivot":{"x":350.9664001464844,"y":40.50180435180664,"z":30.32714080810547},"rotation":{"x":0.0030109076760709287,"y":0.995498538017273,"z":0.033879201859235767,"w":-0.08860356360673905},"size":80.62257385253906,"orthographic":false}