{"cameraMode":{"drawMode":0,"name":"Shaded","section":"Shading Mode"},"sceneLighting":true,"audioPlay":false,"sceneViewState":{"m_AlwaysRefresh":false,"showFog":true,"showSkybox":true,"showFlares":true,"showImageEffects":true,"showParticleSystems":true,"showVisualEffectGraphs":true,"m_FxEnabled":true},"in2DMode":false,"pivot":{"x":606.5241088867188,"y":2.1396546363830568,"z":391.3140869140625},"rotation":{"x":0.0711764469742775,"y":0.28755709528923037,"z":-0.021427111700177194,"w":0.9548901319503784},"size":8.283960342407227,"orthographic":true}