{"cameraMode":{"drawMode":0,"name":"Shaded","section":"Shading Mode"},"sceneLighting":true,"audioPlay":false,"sceneViewState":{"m_AlwaysRefresh":false,"showFog":true,"showSkybox":true,"showFlares":true,"showImageEffects":true,"showParticleSystems":true,"showVisualEffectGraphs":true,"m_FxEnabled":true},"in2DMode":false,"pivot":{"x":587.5716552734375,"y":-0.0584782212972641,"z":380.085205078125},"rotation":{"x":0.17036814987659455,"y":-0.25717705488204958,"z":0.04611558839678764,"w":0.9501098990440369},"size":138.45274353027345,"orthographic":false}